{
  "final_loss": 1.111844749601687e-08,
  "best_m4e": 7.711149940803352e-09,
  "r4s_error": 0.009370867279771695
}