{
  "train_mae_overall": 1.7129990169778455,
  "val_mae_overall": 1.8890875071287183,
  "train_mae_vec": [
    0.6897905552138894,
    2.7362074787418016
  ],
  "val_mae_vec": [
    0.747113933662574,
    3.031061080594862
  ]
}