{
  "final_loss": 0.0004731185326818377,
  "best_mse": 4.6984529035398737e-05,
  "rms_error": 0.006854526171472302
}